Category,Name,ImageUrl
Arts/History,Acting,https://nb9-stumbleupon.netdna-ssl.com/8-5islKDdy1TxpaAilsWtA
Arts/History,American History,https://nb9-stumbleupon.netdna-ssl.com/-0g_s2nocghBtoboUXrFdw
Arts/History,Ancient History,https://nb9-stumbleupon.netdna-ssl.com/17BTwIK7cS2iL8Qfw01eGg
Arts/History,Anime,https://nb9-stumbleupon.netdna-ssl.com/64iO2RH_bp91vLVbNw5Wbg
Arts/History,Architecture,https://nb9-stumbleupon.netdna-ssl.com/kTxyKYTv_sYqwxhyw-wsHw
Arts/History,Art History,https://nb9-stumbleupon.netdna-ssl.com/61U8OUQtowHF0jgMCrZ46w
Arts/History,Arts,https://nb9-stumbleupon.netdna-ssl.com/zN3mtC-EcBlUz066BGtKLw
Arts/History,Ballet,https://nb9-stumbleupon.netdna-ssl.com/axpDGpEfy9gVDz1d3mhxpQ
Arts/History,Classical Studies,https://nb9-stumbleupon.netdna-ssl.com/U5DvStcfjLZaQeV91CNI-Q
Arts/History,Cold War,https://nb9-stumbleupon.netdna-ssl.com/hg96aBpaqn7fnD4tB7scnQ
Arts/History,Dancing,https://nb9-stumbleupon.netdna-ssl.com/r2YzUXhT1nomxuXwLm7_Ww
Arts/History,Design,https://nb9-stumbleupon.netdna-ssl.com/d8M2vFlyRg1cI3YlpFuaCA
Arts/History,Desktop Publishing,https://nb9-stumbleupon.netdna-ssl.com/mCMVaaoBB2mNa5cBIno2sw
Arts/History,Drawing,https://nb9-stumbleupon.netdna-ssl.com/7FjBl3wug0PkmtpCXacCww
Arts/History,Eastern Studies,https://nb9-stumbleupon.netdna-ssl.com/u0XvSzMs4ib7CiGS5cPYgw
Arts/History,Ethics,https://nb9-stumbleupon.netdna-ssl.com/CxhGVzCZjDptE9Sr17rhmg
Arts/History,Fashion,https://nb9-stumbleupon.netdna-ssl.com/bEyD7Pco52QE0gkUZwQfiw
Arts/History,Fine Arts,https://nb9-stumbleupon.netdna-ssl.com/SZGzw5mZS1VvY3Omb9POJw
Arts/History,Graphic Design,https://nb9-stumbleupon.netdna-ssl.com/sp8S8-3jjd3tlC1ZcCAtRA
Arts/History,History,https://nb9-stumbleupon.netdna-ssl.com/24kV7Pajr9QeSj64y6RjOg
Arts/History,Humanities,https://nb9-stumbleupon.netdna-ssl.com/q2owXob5YvovAwTZxJYAqw
Arts/History,Industrial Design,https://nb9-stumbleupon.netdna-ssl.com/E0OU8Tnfdpnc3uTdLdwUfQ
Arts/History,Interior Design,https://nb9-stumbleupon.netdna-ssl.com/_672D3v3Q52M1EIkKG7Y_g
Arts/History,Live Theatre,https://nb9-stumbleupon.netdna-ssl.com/HawjUOFqyo2pGk7ZvrZbgw
Arts/History,Logic,https://nb9-stumbleupon.netdna-ssl.com/j6PHCfPWkT92192pygsS-A
Arts/History,Medieval History,https://nb9-stumbleupon.netdna-ssl.com/ETlE-GnmrClCXYhye6E-7Q
Arts/History,Music Composition,https://nb9-stumbleupon.netdna-ssl.com/FEVAbH96Me-6bAC3ElwBJw
Arts/History,Mythology,https://nb9-stumbleupon.netdna-ssl.com/B_IBWkJjIHVRiKj-YdWpwQ
Arts/History,Painting,https://nb9-stumbleupon.netdna-ssl.com/J3AbaVAGxWJuzpluCbC8jw
Arts/History,Performing Arts,https://nb9-stumbleupon.netdna-ssl.com/4MhN5FEuhFF4XKh-bMv_TA
Arts/History,Philosophy,https://nb9-stumbleupon.netdna-ssl.com/LOTX6v-uZ_jK9zFQhv3Avg
Arts/History,Photography,https://nb9-stumbleupon.netdna-ssl.com/PwOOLS2u6VNUSgoX6fq5qQ
Arts/History,Photoshop,https://nb9-stumbleupon.netdna-ssl.com/1dQwo-g1XA_I1mh5TwEi_w
Arts/History,Postmodernism,https://nb9-stumbleupon.netdna-ssl.com/K2gtRKayFoPcYFjXLwXFRA
Arts/History,Quotes,https://nb9-stumbleupon.netdna-ssl.com/oGqcNEH-qr-XudDjJOYYSw
Arts/History,Sculpting,https://nb9-stumbleupon.netdna-ssl.com/r1zic863wn_hQV3lrL75Cg
Arts/History,Songwriting,https://nb9-stumbleupon.netdna-ssl.com/X8QF4yi2RMxykf--ZTHVlA
Arts/History,Woodworking,https://nb9-stumbleupon.netdna-ssl.com/TenNNCRGnL-K_iltCPVhhg
Commerce,Accounting,https://nb9-stumbleupon.netdna-ssl.com/0nzNhKzPxhihPwm1ZMA6TA
Commerce,Banking,https://nb9-stumbleupon.netdna-ssl.com/A-7MLDtGlb6AFy5YrDpCFQ
Commerce,Bargains/Coupons,https://nb9-stumbleupon.netdna-ssl.com/r6D5M-wnR-aAg7ScL-CQZA
Commerce,Business,https://nb9-stumbleupon.netdna-ssl.com/3EIJLgJtrogCL6aYnMKsBw
Commerce,Capitalism,https://nb9-stumbleupon.netdna-ssl.com/LqMtcmAV6ujfQHEkSzZxDA
Commerce,Cell Phones,https://nb9-stumbleupon.netdna-ssl.com/oSw5WHAnIothxs0cTp86-g
Commerce,Clothing,https://nb9-stumbleupon.netdna-ssl.com/R9WdcLU9lcBeDJbuynBQ-A
Commerce,Construction,https://nb9-stumbleupon.netdna-ssl.com/iIC9bZQyVBXDUpnKVFxN8g
Commerce,Consumer Info,https://nb9-stumbleupon.netdna-ssl.com/YhCPKwV0D2FZnZbyJeJgLw
Commerce,Daytrading,https://nb9-stumbleupon.netdna-ssl.com/Mzy1b-2oLr2DsmLe0oGnlw
Commerce,Ecommerce,https://nb9-stumbleupon.netdna-ssl.com/yHGgqztQg_eA75z0-00adQ
Commerce,Electronic Devices,https://nb9-stumbleupon.netdna-ssl.com/JZMj8kzD2fqNVWTThqPXjQ
Commerce,Energy Industry,https://nb9-stumbleupon.netdna-ssl.com/ALF3ZPs4escQM956ZZ0fjg
Commerce,Entrepreneurship,https://nb9-stumbleupon.netdna-ssl.com/BqA6jrkhD8lKnUEOkm8gpA
Commerce,Financial planning,https://nb9-stumbleupon.netdna-ssl.com/zX33-IRnBZ5GZV44LeIAKg
Commerce,Home Business,https://nb9-stumbleupon.netdna-ssl.com/od9GC2AAJbhyxxAiKNsF4w
Commerce,Insurance,https://nb9-stumbleupon.netdna-ssl.com/K7cBIfVGhvRcnIcu4XmEMw
Commerce,Investing,https://nb9-stumbleupon.netdna-ssl.com/jqnT1qQWCGa9DX1id1zCqg
Commerce,Jewelry,https://nb9-stumbleupon.netdna-ssl.com/IywEd8IZMtP3sZ5rFVfgQg
Commerce,Luxury,https://nb9-stumbleupon.netdna-ssl.com/ImYYoS_NQv1uf3SuKKobsA
Commerce,Management/HR,https://nb9-stumbleupon.netdna-ssl.com/neM0vUycOQj5bgvA1cAS1Q
Commerce,Manufacturing,https://nb9-stumbleupon.netdna-ssl.com/AsvUd5VV2-l5c6VryAOTgA
Commerce,Marketing,https://nb9-stumbleupon.netdna-ssl.com/h2-MEMS_ZxHDk6ehP_HcuQ
Commerce,Mutual Funds,https://nb9-stumbleupon.netdna-ssl.com/zhzAogLlB4WU31tP6D_ggw
Commerce,Options/Futures,https://nb9-stumbleupon.netdna-ssl.com/U_b2wld7TKMNPbvBkojmVw
Commerce,Petroleum,https://nb9-stumbleupon.netdna-ssl.com/HHIPCL2fe-rzAoHWuCIKaQ
Commerce,Real Estate,https://nb9-stumbleupon.netdna-ssl.com/iziTdR-irY96r8yKUDx9Ew
Commerce,SEO,https://nb9-stumbleupon.netdna-ssl.com/zlfqLo0EbXNH6Z7JZuEGjA
Commerce,Taxation,https://nb9-stumbleupon.netdna-ssl.com/yt0PsTn9zGjl8BU6MyYHIg
Commerce,Telecom,https://nb9-stumbleupon.netdna-ssl.com/sYzTi4FhSn_Q4RvsTqhvfw
Commerce,Toys,https://nb9-stumbleupon.netdna-ssl.com/gsmiVM02mS1Fq0Mrn1yLnw
Computers,C.A.D.,https://nb9-stumbleupon.netdna-ssl.com/TB4xTL-12ZFQ8V7fcq7JwQ
Computers,Computer Graphics,https://nb9-stumbleupon.netdna-ssl.com/jfjLg63gykq73F9EfrI2TQ
Computers,Computer Hardware,https://nb9-stumbleupon.netdna-ssl.com/-5VwSCrW9pEkgapHEoWiqQ
Computers,Computer Security,https://nb9-stumbleupon.netdna-ssl.com/DYrO1cOcFD7b8LmdK6pETg
Computers,Computers,https://nb9-stumbleupon.netdna-ssl.com/2HCQ2Bhw7UzvoIekIsniNw
Computers,Cyberculture,https://nb9-stumbleupon.netdna-ssl.com/Ru217TOFoI0_gJJZIzOHAw
Computers,Databases,https://nb9-stumbleupon.netdna-ssl.com/OS_1x6VXMgwhPaiXr0XARQ
Computers,Embedded Systems,https://nb9-stumbleupon.netdna-ssl.com/ZVHmRRl2DPRy9tGq_Ta24g
Computers,Encryption,https://nb9-stumbleupon.netdna-ssl.com/EZUEG6J2K2yITN666J9Dlw
Computers,Facebook,https://nb9-stumbleupon.netdna-ssl.com/h3VpOk1FO_SXDo3bH-dhwg
Computers,Firefox,https://nb9-stumbleupon.netdna-ssl.com/5o9C0PFLmcgeKhCJ2uSvMg
Computers,Forums,https://nb9-stumbleupon.netdna-ssl.com/zUc2zBPikl9ZOKmN551LEA
Computers,Hacking,https://nb9-stumbleupon.netdna-ssl.com/HvZx3bo_FhqkjjqIWvSkLg
Computers,IT,https://nb9-stumbleupon.netdna-ssl.com/kPeaeOctJKtXTdj4jJWHpA
Computers,Instant Messaging,https://nb9-stumbleupon.netdna-ssl.com/wQEq5Chmh0b531RdtWwBYg
Computers,Internet,https://nb9-stumbleupon.netdna-ssl.com/xTF98sZpxyry5Qm3Jpmxjg
Computers,Internet Tools,https://nb9-stumbleupon.netdna-ssl.com/3ZQbsEa3dOzQBr8InDqDeg
Computers,Java,https://nb9-stumbleupon.netdna-ssl.com/Ol8niPapx5QuBAn_WOu7wg
Computers,Linux/Unix,https://nb9-stumbleupon.netdna-ssl.com/A0j9Ivx-RrUm6YAlxZmWBA
Computers,MacOS,https://nb9-stumbleupon.netdna-ssl.com/YnaVbMRNz3Ov7LL787EhLw
Computers,Mobile Computing,https://nb9-stumbleupon.netdna-ssl.com/kQUn1Q-BLpCHbHuuOWhmzw
Computers,Multimedia,https://nb9-stumbleupon.netdna-ssl.com/eKf_OHU5_ghKwjkVecvSFQ
Computers,Network Security,https://nb9-stumbleupon.netdna-ssl.com/WvbzEwqoXM6xOQqw2CRPAQ
Computers,Online Games,https://nb9-stumbleupon.netdna-ssl.com/jMzTw55pvxkOq-BZ58NEaw
Computers,Open Source,https://nb9-stumbleupon.netdna-ssl.com/seNobxZC7sNlh0Hjxw2THQ
Computers,Operating Systems,https://nb9-stumbleupon.netdna-ssl.com/rb_OO9NMwd4fcEaGXM8WlQ
Computers,P2P,https://nb9-stumbleupon.netdna-ssl.com/eWoApuARQOuOEn7ZR59Q8Q
Computers,PHP,https://nb9-stumbleupon.netdna-ssl.com/CSKkz-bUzcKSLg5XJ2WS6A
Computers,Peripheral Devices,https://nb9-stumbleupon.netdna-ssl.com/D462mOV_rszgS_CVlV_Wwg
Computers,Perl,https://nb9-stumbleupon.netdna-ssl.com/29M-PGu5VCUKHwl_NNQ35A
Computers,Programming,https://nb9-stumbleupon.netdna-ssl.com/Daa2X41RqVuvqeg3Fp9OEw
Computers,Proxy,https://nb9-stumbleupon.netdna-ssl.com/IxgwrCjbk5iNfCzuqv3_8w
Computers,Search,https://nb9-stumbleupon.netdna-ssl.com/4FFj1QKdqtBrhgIGSps2EA
Computers,Shareware,https://nb9-stumbleupon.netdna-ssl.com/yiEJ6Ik-Erh3UDbut3sowQ
Computers,Software,https://nb9-stumbleupon.netdna-ssl.com/7xHLtQO1viJqW1ogPulCRw
Computers,StumbleUpon,https://nb9-stumbleupon.netdna-ssl.com/BmmptbDumMEA4cArk-ddLQ
Computers,Supercomputing,https://nb9-stumbleupon.netdna-ssl.com/4v7R0Y-jfnzOWZS5CmieGQ
Computers,Video Games,https://nb9-stumbleupon.netdna-ssl.com/TQpL-LbHawJ9YVcj302kpQ
Computers,Web Development,https://nb9-stumbleupon.netdna-ssl.com/lZyESRzARZSY1WWgsqhumA
Computers,Webhosting,https://nb9-stumbleupon.netdna-ssl.com/Nw4VqXgohUy-pKxiAUIwDg
Computers,Weblogs,https://nb9-stumbleupon.netdna-ssl.com/E3WJ6ROda1QlxXv4i42XPw
Computers,Windows,https://nb9-stumbleupon.netdna-ssl.com/ZYPdUw_3QmKDdBICRHorcQ
Computers,Windows Dev,https://nb9-stumbleupon.netdna-ssl.com/WbjVS7Q-YDLvfLpj131JAA
Health,AIDS,https://nb9-stumbleupon.netdna-ssl.com/BOMpbiqzqXyjg6I466Ze_Q
Health,Aging,https://nb9-stumbleupon.netdna-ssl.com/O4Uc3wJpFfrQG0LHx8RLDg
Health,Alternative Health,https://nb9-stumbleupon.netdna-ssl.com/HuVUgJaeZcyqpbge6nkK5g
Health,Anatomy,https://nb9-stumbleupon.netdna-ssl.com/wPqNnF7JHCf89vvFxaTXwg
Health,Arthritis,https://nb9-stumbleupon.netdna-ssl.com/5Hfx_m48pj1JWXnKVAbm7A
Health,Asthma,https://nb9-stumbleupon.netdna-ssl.com/lWcLVkHG7q5E_t8AZwoYOQ
Health,Beauty,https://nb9-stumbleupon.netdna-ssl.com/B98-INZ1AZo1-oTlrlRXRw
Health,Bodybuilding,https://nb9-stumbleupon.netdna-ssl.com/RXOAKSJAeySge_UxjwM0oA
Health,Brain Disorders,https://nb9-stumbleupon.netdna-ssl.com/W-06nxHwKTffYdt8rSWO0w
Health,Cancer,https://nb9-stumbleupon.netdna-ssl.com/eUiMF6VoPjK40M2OXMla9g
Health,Dentistry,https://nb9-stumbleupon.netdna-ssl.com/DmVTNwAV2oXkjpLPRS2zcg
Health,Diabetes,https://nb9-stumbleupon.netdna-ssl.com/rtORrcHZMB0W8sGgKp0njw
Health,Disabilities,https://nb9-stumbleupon.netdna-ssl.com/UAQFKkmsF0KC5Fk5nQZ4Eg
Health,Doctors/Surgeons,https://nb9-stumbleupon.netdna-ssl.com/k6A2ZgHPugbHGonhbk4dYA
Health,Eating Disorders,https://nb9-stumbleupon.netdna-ssl.com/sc6f1LQEQ0LnVnVS55rLqQ
Health,Ergonomics,https://nb9-stumbleupon.netdna-ssl.com/4o9YQAo5LU4OvLsqdvfHKA
Health,Fitness,https://nb9-stumbleupon.netdna-ssl.com/d_6jaIC9jZd-qTcEdXhnNg
Health,Forensics,https://nb9-stumbleupon.netdna-ssl.com/vtoiNeHMRZIRSc0FBhTgGA
Health,Glaucoma,https://nb9-stumbleupon.netdna-ssl.com/bwn8MXcr4dlvqijSuSxAZQ
Health,Health,https://nb9-stumbleupon.netdna-ssl.com/QUTb2YmR7Ei8iMqqVKxnXg
Health,Heart Conditions,https://nb9-stumbleupon.netdna-ssl.com/w18IgDd0k3hSRnqdu6ZKAw
Health,Learning Disorders,https://nb9-stumbleupon.netdna-ssl.com/LWISo_b4UJz5CKpAOaI5-A
Health,Medical Science,https://nb9-stumbleupon.netdna-ssl.com/ehw5DxJdMYgubKB9rLz8PA
Health,Mental Health,https://nb9-stumbleupon.netdna-ssl.com/awbdKigh-ow3XIEg48YzWA
Health,Nursing,https://nb9-stumbleupon.netdna-ssl.com/T6cn-xulnGrpxw1ErIovJw
Health,Nutrition,https://nb9-stumbleupon.netdna-ssl.com/tH83LHkSfVUWcjjkdY1lVA
Health,Physical Therapy,https://nb9-stumbleupon.netdna-ssl.com/y_lyBQ1vMPSX2ucrjkbyiw
Health,Psychiatry,https://nb9-stumbleupon.netdna-ssl.com/wsLGv6wd3PDePnoUwVT_Yg
Health,Self Improvement,https://nb9-stumbleupon.netdna-ssl.com/fMWNiuSI8zE1KmCX00No0A
Health,Sexual Health,https://nb9-stumbleupon.netdna-ssl.com/Li53g6nuJpvVcyKjsu5ygQ
Health,Spas,https://nb9-stumbleupon.netdna-ssl.com/Wue0LFPyO1_o0pQqrKsOMg
Health,Substance Abuse,https://nb9-stumbleupon.netdna-ssl.com/4r7gFbW_8w7ymTkKRH-y3w
Health,Weight Loss,https://nb9-stumbleupon.netdna-ssl.com/ZfPi8Ml3LE8wWfF7NuaLSg
Health,Yoga,https://nb9-stumbleupon.netdna-ssl.com/mSpowK-sjniuYV4wUaHXTQ
Hobbies,Billiards,https://nb9-stumbleupon.netdna-ssl.com/sGVcBjjUmv2z6xgfLEF37A
Hobbies,Board Games,https://nb9-stumbleupon.netdna-ssl.com/0YkMI-zuXOS4Ca2LyG_xaA
Hobbies,Car Parts,https://nb9-stumbleupon.netdna-ssl.com/MYo-jjVvSOipQjsOQUyR3A
Hobbies,Card Games,https://nb9-stumbleupon.netdna-ssl.com/SDyuU6enn28z7BKx5hE8Kg
Hobbies,Cars,https://nb9-stumbleupon.netdna-ssl.com/2bOF13duTrVAv2dq30iwFw
Hobbies,Chess,https://nb9-stumbleupon.netdna-ssl.com/uw0o_VE4Nc521bY3fmYmlQ
Hobbies,Cigars,https://nb9-stumbleupon.netdna-ssl.com/O1-Tvp3xALGisAzFoYnL0A
Hobbies,Collecting,https://nb9-stumbleupon.netdna-ssl.com/k33CykoIrDVRTU_nauKlAA
Hobbies,Crafts,https://nb9-stumbleupon.netdna-ssl.com/pW4nBrV-LUqXu-z5UgWxgw
Hobbies,Crochet,https://nb9-stumbleupon.netdna-ssl.com/H8AngVogqNYfIMbqFZc5Wg
Hobbies,Dolls/Puppets,https://nb9-stumbleupon.netdna-ssl.com/tbGjUtF9pmuX_vuoDazQHQ
Hobbies,Gambling,https://nb9-stumbleupon.netdna-ssl.com/qMIXKveownOtV_t-jr018g
Hobbies,Guns,https://nb9-stumbleupon.netdna-ssl.com/dMNhHYF02aHngt9491VjhA
Hobbies,Humor,https://nb9-stumbleupon.netdna-ssl.com/ynIlBtlaRUrdaBmGLSTPFw
Hobbies,Knitting,https://nb9-stumbleupon.netdna-ssl.com/_IdIj0GW7eLm7VosYHhDGw
Hobbies,Magic/Illusions,https://nb9-stumbleupon.netdna-ssl.com/MqR4CEBZuyk7QW_KKHLQTA
Hobbies,Memorabilia,https://nb9-stumbleupon.netdna-ssl.com/yPTqOv6eqP13aR7V9rWz6Q
Hobbies,Motorcycles,https://nb9-stumbleupon.netdna-ssl.com/7NkyX97K6784LpRLdeLWjg
Hobbies,Photo Gear,https://nb9-stumbleupon.netdna-ssl.com/gMYID_HhTjw0UPXgpQRqmQ
Hobbies,Poker,https://nb9-stumbleupon.netdna-ssl.com/U5hfVY2_B1AzSi29D1w-Tg
Hobbies,Puzzles,https://nb9-stumbleupon.netdna-ssl.com/sHJ67ecWYvBySH6V17ztbQ
Hobbies,Quilting,https://nb9-stumbleupon.netdna-ssl.com/V9hwj3AexCib7CTquCeUfw
Hobbies,Quizzes,https://nb9-stumbleupon.netdna-ssl.com/hvPaioH-1duaSfk2c6Uu8Q
Hobbies,Roleplaying Games,https://nb9-stumbleupon.netdna-ssl.com/ePyUExz6YU0z1I4nKPAN6Q
Hobbies,Satire,https://nb9-stumbleupon.netdna-ssl.com/pd-WIe11KrRyYj6y_-Gr3w
Hobbies,Scrapbooking,https://nb9-stumbleupon.netdna-ssl.com/c4G4yVJVYdGYYJN5ufA2yw
Hobbies,Sewing,https://nb9-stumbleupon.netdna-ssl.com/6ET8CMy643VTfGEtuhm2iw
Hobbies,Vintage Cars,https://nb9-stumbleupon.netdna-ssl.com/-TlBxMxLcAfu4ReVfEpXRA
Home/Living,Alcoholic Drinks,https://nb9-stumbleupon.netdna-ssl.com/0736hfSdKbOP34Bd_rA4mw
Home/Living,Antiques,https://nb9-stumbleupon.netdna-ssl.com/sGXhmFUdpOn5_ZtUiJuq8A
Home/Living,Babies,https://nb9-stumbleupon.netdna-ssl.com/riiWevnQQOCyM4BIKTJ-LA
Home/Living,Beer,https://nb9-stumbleupon.netdna-ssl.com/XOfzPMHJCIL4A44gYtgYVg
Home/Living,Beverages,https://nb9-stumbleupon.netdna-ssl.com/gKlmnwQnvV4fGvRso1yz_Q
Home/Living,Birds,https://nb9-stumbleupon.netdna-ssl.com/AhaTnRCfSIMJGacpChGkTQ
Home/Living,Cats,https://nb9-stumbleupon.netdna-ssl.com/SPdK8ukyLtP1TY2RSrHAMw
Home/Living,Coffee,https://nb9-stumbleupon.netdna-ssl.com/K34Y7McsKQi0BwfvF_hxAg
Home/Living,Divorce,https://nb9-stumbleupon.netdna-ssl.com/Vfof0fN7WMVVFJ1R3aa3pQ
Home/Living,Dogs,https://nb9-stumbleupon.netdna-ssl.com/mrXRGABcGh4v5GQMfappnQ
Home/Living,Entertaining Guests,https://nb9-stumbleupon.netdna-ssl.com/ApgcbfNUA5m4-ZPfa8DlNQ
Home/Living,Exotic Pets,https://nb9-stumbleupon.netdna-ssl.com/SwLuDcnjVqD6_pGv47L9yQ
Home/Living,Family,https://nb9-stumbleupon.netdna-ssl.com/9F_NkbxKdy0QuvKw1F6Wvw
Home/Living,Fish,https://nb9-stumbleupon.netdna-ssl.com/xEq1ahf3anA6WO-Teb5F9w
Home/Living,Food/Cooking,https://nb9-stumbleupon.netdna-ssl.com/6Ml7sG2DY7CJSxrzDBJ0yA
Home/Living,For Kids,https://nb9-stumbleupon.netdna-ssl.com/6GEHhU0vM_F9AFw_94JVrQ
Home/Living,Gardening,https://nb9-stumbleupon.netdna-ssl.com/sT01S33liMqLsPrsP-8qUA
Home/Living,Genealogy,https://nb9-stumbleupon.netdna-ssl.com/i88AdulLwy5a83wmR2cmFQ
Home/Living,Home Improvement,https://nb9-stumbleupon.netdna-ssl.com/ooYeQV6ird9khG2CwHm2oQ
Home/Living,Homebrewing,https://nb9-stumbleupon.netdna-ssl.com/QNf4NUjG2DjVxFLdRTSUxg
Home/Living,Homemaking,https://nb9-stumbleupon.netdna-ssl.com/5Vc1prUXrJEeqgvCGuettA
Home/Living,Homeschooling,https://nb9-stumbleupon.netdna-ssl.com/u9RGT9I9qC4GEjKoSgapHA
Home/Living,Kids,https://nb9-stumbleupon.netdna-ssl.com/je0C4vMnLWdLLu8nNqRD6g
Home/Living,Landscaping,https://nb9-stumbleupon.netdna-ssl.com/LbXsXZNdPDVG1PWWWdZurA
Home/Living,Married Life,https://nb9-stumbleupon.netdna-ssl.com/oMUogmjx6RKu9biDHmibjA
Home/Living,Parenting,https://nb9-stumbleupon.netdna-ssl.com/9f-Cvs-CAvr3F1Z1TtIB0w
Home/Living,Pets,https://nb9-stumbleupon.netdna-ssl.com/Cuw4N2YEMtzE0-lcpX28xg
Home/Living,Pregnancy/Birth,https://nb9-stumbleupon.netdna-ssl.com/2K3qPoDeR5D_LR4hDCgApw
Home/Living,Relationships,https://nb9-stumbleupon.netdna-ssl.com/6XRCVbtnriF2hu3Kd_LH4g
Home/Living,Restaurants,https://nb9-stumbleupon.netdna-ssl.com/BdGzDWCJYl8XjVtoHLAewg
Home/Living,Restoration,https://nb9-stumbleupon.netdna-ssl.com/H-vpNRSQb_iDyYearvFBdw
Home/Living,Scouting,https://nb9-stumbleupon.netdna-ssl.com/I84bg_3qRNXAJ62r3VGVOQ
Home/Living,Tea,https://nb9-stumbleupon.netdna-ssl.com/Ej1uG7ZaDc1DkpAAgl_3fA
Home/Living,Teen Life,https://nb9-stumbleupon.netdna-ssl.com/q3uFxxy9mQmuktt99iIWaQ
Home/Living,Teen Parenting,https://nb9-stumbleupon.netdna-ssl.com/bYeVdJnLiq0xpTgSnpXoow
Home/Living,Vegetarian,https://nb9-stumbleupon.netdna-ssl.com/gaLlP_G4bahxxBvBjpX93w
Home/Living,Weddings,https://nb9-stumbleupon.netdna-ssl.com/_bLgmc8f2jhacAQ44LfV0w
Home/Living,Wine,https://nb9-stumbleupon.netdna-ssl.com/_F0m4P96T9VwIlgFL0kQZA
Media,Advertising,https://nb9-stumbleupon.netdna-ssl.com/Jj7i5nswPtODwuB9aOQ3gw
Media,Alternative News,https://nb9-stumbleupon.netdna-ssl.com/88t_2vnufV77nXP_aGxISg
Media,American Lit.,https://nb9-stumbleupon.netdna-ssl.com/rkLYS3FoEbez_UkEHo7HmQ
Media,Animation,https://nb9-stumbleupon.netdna-ssl.com/Hsx2tQ_hTRt0Ax1TcbL76w
Media,Books,https://nb9-stumbleupon.netdna-ssl.com/BoWSZtudmM46GJwLzXQ-AQ
Media,British Literature,https://nb9-stumbleupon.netdna-ssl.com/AtBogy-0gcjdhlNF13DMrw
Media,Cartoons,https://nb9-stumbleupon.netdna-ssl.com/gyAayPt7Fh0eidtEK-fN1w
Media,Children's Books,https://nb9-stumbleupon.netdna-ssl.com/0j9hmmBWjITdKPNfDL_71w
Media,Comic Books,https://nb9-stumbleupon.netdna-ssl.com/SMF2-_SWtaANRZ2DPeYCpQ
Media,Fantasy Books,https://nb9-stumbleupon.netdna-ssl.com/1mxkksN7GjX_PS-Vnsj4og
Media,Journalism,https://nb9-stumbleupon.netdna-ssl.com/Vu5U547NHQIgb5j_tobzvw
Media,Library Resources,https://nb9-stumbleupon.netdna-ssl.com/hxh_9DRkREACB0rl2OzxBQ
Media,Literature,https://nb9-stumbleupon.netdna-ssl.com/AHOUWnvQcnAPaDI9Onbebg
Media,Mystery Novels,https://nb9-stumbleupon.netdna-ssl.com/sOUoNrjwETd_dl2MnLwfCA
Media,Poetry,https://nb9-stumbleupon.netdna-ssl.com/FRqkcdrentqqK6Oe1_4iiw
Media,Radio Broadcasts,https://nb9-stumbleupon.netdna-ssl.com/Rth8Kj8MmpZGe6GUzONjpw
Media,Romance Novels,https://nb9-stumbleupon.netdna-ssl.com/kDx--zKKO4ncLSxG9sdTBA
Media,Science Fiction,https://nb9-stumbleupon.netdna-ssl.com/XdE3503tj-bAWwShrbEGyA
Media,Shakespeare,https://nb9-stumbleupon.netdna-ssl.com/AAheVmn6ruyKeDiDhCIJ9A
Media,Soap Operas,https://nb9-stumbleupon.netdna-ssl.com/4m_XaMOxtaGL3XswbU6Hpw
Media,Television,https://nb9-stumbleupon.netdna-ssl.com/PyO4qbnnaR-qTN3RB-G1rQ
Media,Video Equipment,https://nb9-stumbleupon.netdna-ssl.com/DDgzcq0UcHbnkndaosvBzA
Media,Writing,https://nb9-stumbleupon.netdna-ssl.com/TE_EUe_b0rsnzGA_fKNQvw
Music/Movies,Action Movies,https://nb9-stumbleupon.netdna-ssl.com/gvw-DEU9eQIy2hlYbZZiQA
Music/Movies,Alternative Rock,https://nb9-stumbleupon.netdna-ssl.com/92EzbMpYZxMaqmzOneThzA
Music/Movies,Ambient Music,https://nb9-stumbleupon.netdna-ssl.com/Xjp4jSTTwWV3V9G9YjclWA
Music/Movies,Audio Equipment,https://nb9-stumbleupon.netdna-ssl.com/BuuCq0maW342W4_UIxSe-Q
Music/Movies,Blues music,https://nb9-stumbleupon.netdna-ssl.com/ROoTop90gjbfcIVek8GM_Q
Music/Movies,Britpop,https://nb9-stumbleupon.netdna-ssl.com/JyXIPre6pEGAsOYJlwW0sw
Music/Movies,Celtic Music,https://nb9-stumbleupon.netdna-ssl.com/Gc4QimuP4YMK5gvLmt2hsg
Music/Movies,Christian Music,https://nb9-stumbleupon.netdna-ssl.com/qS7k8H-zs5dzaH9nf_wyOw
Music/Movies,Classic Films,https://nb9-stumbleupon.netdna-ssl.com/x3m6625AgnJpObcfl1X2mg
Music/Movies,Classic Rock,https://nb9-stumbleupon.netdna-ssl.com/Fz8BAhY8troRy1vdJw2P7A
Music/Movies,Classical Music,https://nb9-stumbleupon.netdna-ssl.com/bjTC2UP1EKJTu-bPkFk33w
Music/Movies,Comedy Movies,https://nb9-stumbleupon.netdna-ssl.com/978Z3NgUbKe7U9zzC9JdCA
Music/Movies,Country music,https://nb9-stumbleupon.netdna-ssl.com/EiInpAh0JxxGA9VIhE7V4g
Music/Movies,Cult Films,https://nb9-stumbleupon.netdna-ssl.com/46SNLgpAp-tiK2gdAKgXTQ
Music/Movies,DJ's/Mixing,https://nb9-stumbleupon.netdna-ssl.com/rLQ_U7vU39-HIbmRvJZHzw
Music/Movies,Dance Music,https://nb9-stumbleupon.netdna-ssl.com/-XlR0lSnvAVrkTvi-rnl6A
Music/Movies,Disco,https://nb9-stumbleupon.netdna-ssl.com/RUPclthrNkqjVHcpzpQACg
Music/Movies,Drama Movies,https://nb9-stumbleupon.netdna-ssl.com/xm3cYgPoXMqGijeR9R6QIg
Music/Movies,Drum'n'Bass,https://nb9-stumbleupon.netdna-ssl.com/22Jh4QLEd1dpFF_PlIOxwQ
Music/Movies,Electronica/IDM,https://nb9-stumbleupon.netdna-ssl.com/n7VHIn1exD2KDA1MGMrH4A
Music/Movies,Ethnic Music,https://nb9-stumbleupon.netdna-ssl.com/tnibnuX0qgafhkliVtzkwA
Music/Movies,Film Noir,https://nb9-stumbleupon.netdna-ssl.com/Pb2iyovLH6o19XuKoNWjpg
Music/Movies,Filmmaking,https://nb9-stumbleupon.netdna-ssl.com/dhUU7PowjPelFZzSEQ0x8w
Music/Movies,Folk music,https://nb9-stumbleupon.netdna-ssl.com/KbPl6XFSoLU75Rcjm5Kt4w
Music/Movies,Foreign Films,https://nb9-stumbleupon.netdna-ssl.com/JdDnD3KKseaq7e0bAXjLtA
Music/Movies,Funk,https://nb9-stumbleupon.netdna-ssl.com/SuFeDCQsCKy5XmkGOCBkUg
Music/Movies,Gospel music,https://nb9-stumbleupon.netdna-ssl.com/RLwjYTSjxAcEiL3zfMlHSg
Music/Movies,Guitar,https://nb9-stumbleupon.netdna-ssl.com/_FIGCMZYzeCNJgUXc-ml-w
Music/Movies,Heavy metal,https://nb9-stumbleupon.netdna-ssl.com/bgJQoaBQeaJ_KxkoKQMbsg
Music/Movies,HipHop/Rap,https://nb9-stumbleupon.netdna-ssl.com/abYUUw-4Y8BQLGurFp6HyQ
Music/Movies,Horror Movies,https://nb9-stumbleupon.netdna-ssl.com/DPa8GBA3u7ontwEI237u7g
Music/Movies,House music,https://nb9-stumbleupon.netdna-ssl.com/BEvJeh8pXCanlOSBBdoJag
Music/Movies,Independent Film,https://nb9-stumbleupon.netdna-ssl.com/_JfS0hxDsyQUT2vYjAK9kA
Music/Movies,Indie Rock/Pop,https://nb9-stumbleupon.netdna-ssl.com/rNY0fbc-4UCG3ZKyzhnwDQ
Music/Movies,Industrial Music,https://nb9-stumbleupon.netdna-ssl.com/YyCULZFhZo9Hge03QpZyZg
Music/Movies,Ipod,https://nb9-stumbleupon.netdna-ssl.com/Xuh-wbcd33fJFVcpuIp4qw
Music/Movies,Jazz,https://nb9-stumbleupon.netdna-ssl.com/JCiVcgC7hkrGOZbl969ZUA
Music/Movies,Karaoke,https://nb9-stumbleupon.netdna-ssl.com/_hYUOtkP3v3yWnjDj0esgQ
Music/Movies,Latin Music,https://nb9-stumbleupon.netdna-ssl.com/5Az6TNsGuCQOWWOdVuRAQA
Music/Movies,Lounge Music,https://nb9-stumbleupon.netdna-ssl.com/BSxYYQj88PUgKbzwiqDRow
Music/Movies,Movies,https://nb9-stumbleupon.netdna-ssl.com/uaJ8iRvrI7dgMg0uCn2w6A
Music/Movies,Music,https://nb9-stumbleupon.netdna-ssl.com/C4OxxSq5FXB6nfm4Ga9EPg
Music/Movies,Music Instruments,https://nb9-stumbleupon.netdna-ssl.com/otca1_SkjJciXpF3HCSYXg
Music/Movies,Music Theory,https://nb9-stumbleupon.netdna-ssl.com/w9hiyZx30dPs1o_Z1NCFpg
Music/Movies,Musicals,https://nb9-stumbleupon.netdna-ssl.com/Piwac-55TYptxAhY3EGQCg
Music/Movies,Musician Resources,https://nb9-stumbleupon.netdna-ssl.com/c9Mnd-ObnARmK-fBT1NOFw
Music/Movies,Oldies Music,https://nb9-stumbleupon.netdna-ssl.com/jXP-99PRi4gjeI1Mu7TiWg
Music/Movies,Opera,https://nb9-stumbleupon.netdna-ssl.com/EnW7wnjlyFvS7dGfHKXf6A
Music/Movies,Percussion,https://nb9-stumbleupon.netdna-ssl.com/fO2iCH0l79qTPS4fdQ5tDQ
Music/Movies,Pop music,https://nb9-stumbleupon.netdna-ssl.com/2OhbnbZzIhUwsP7vPzRVpw
Music/Movies,Punk Rock,https://nb9-stumbleupon.netdna-ssl.com/Bf0SA8JWlxfWF_PU5Qna3Q
Music/Movies,Recording Gear,https://nb9-stumbleupon.netdna-ssl.com/bh58ivmg7ppX6w6zfFm9QA
Music/Movies,Reggae,https://nb9-stumbleupon.netdna-ssl.com/XSy0eVJaObEPlOOyql7tgA
Music/Movies,Rock music,https://nb9-stumbleupon.netdna-ssl.com/FcH9PpFbDzz21i4bUcpwuw
Music/Movies,Soul/R&B,https://nb9-stumbleupon.netdna-ssl.com/99AhjkderHj3kmIncnNBgw
Music/Movies,Soundtracks,https://nb9-stumbleupon.netdna-ssl.com/eQTyuJJlaRAcuRHUv_DZvQ
Music/Movies,Techno,https://nb9-stumbleupon.netdna-ssl.com/mT2rBS4qje4Co7gE80YdYQ
Music/Movies,Trance,https://nb9-stumbleupon.netdna-ssl.com/X8NURJhG3DAiXLZm85XKjw
Music/Movies,TripHop/Downtempo,https://nb9-stumbleupon.netdna-ssl.com/9XXqmSUI4s5srVABBrYH1Q
Music/Movies,Vocal Music,https://nb9-stumbleupon.netdna-ssl.com/GPusaj5JV5yfcOh0FGUW5A
Outdoors,Agriculture,https://nb9-stumbleupon.netdna-ssl.com/dE3lIQhPY85of5MHA21Tew
Outdoors,Animals,https://nb9-stumbleupon.netdna-ssl.com/cjwbNTgSQuuVsDpzWVDmTw
Outdoors,Bird Watching,https://nb9-stumbleupon.netdna-ssl.com/e-X7dFwkJf9GDQW_RROYnw
Outdoors,Boating,https://nb9-stumbleupon.netdna-ssl.com/FV5bu5PdOJvoEM1icpIB6g
Outdoors,Camping,https://nb9-stumbleupon.netdna-ssl.com/3mRHATmbSH0aw0cDRrxehg
Outdoors,Canoeing/Kayaking,https://nb9-stumbleupon.netdna-ssl.com/1W7HT-7JoN8m6MxtL2OCeQ
Outdoors,Climbing,https://nb9-stumbleupon.netdna-ssl.com/55M1OJe-NmK9RORL17Qezg
Outdoors,Fishing,https://nb9-stumbleupon.netdna-ssl.com/ykOIwljcCOSQyoqHlnu5DQ
Outdoors,Flyfishing,https://nb9-stumbleupon.netdna-ssl.com/ixr407w4_S0Wm8SNuoDM4A
Outdoors,Forestry,https://nb9-stumbleupon.netdna-ssl.com/_2s_OBbqQ-O348BjcTF13Q
Outdoors,Hiking,https://nb9-stumbleupon.netdna-ssl.com/S_gl_qsIUbiRpduxyjg0ag
Outdoors,Nature,https://nb9-stumbleupon.netdna-ssl.com/vv3igRZmgfI-qbNEPwaOLw
Outdoors,Outdoors,https://nb9-stumbleupon.netdna-ssl.com/TOsnHa1bmnsHrVICkir8Qw
Outdoors,Running,https://nb9-stumbleupon.netdna-ssl.com/Z4ND2eJyLLeosiiRLu6FDg
Outdoors,Scuba Diving,https://nb9-stumbleupon.netdna-ssl.com/eVhPXRuiMYcGbT6a5q2EDw
Outdoors,Skydiving,https://nb9-stumbleupon.netdna-ssl.com/RxGVtG4Tsmtm5F7RUN-wiw
Regional,Africa,https://nb9-stumbleupon.netdna-ssl.com/ASd2l8tfAlyjUUmvBCmjSQ
Regional,Asia,https://nb9-stumbleupon.netdna-ssl.com/Jcfi0zY6-M98AFicPzQnDA
Regional,Australia,https://nb9-stumbleupon.netdna-ssl.com/LbxYDoGH-2XBjcrJbJLetA
Regional,Brazil,https://nb9-stumbleupon.netdna-ssl.com/7lnrLAUCud7cSf534NAUSw
Regional,Canada,https://nb9-stumbleupon.netdna-ssl.com/uM33cJ0wqvx7zOCkrZY-Cw
Regional,Caribbean,https://nb9-stumbleupon.netdna-ssl.com/cONxOq7H5Z5Cf8Ne0Pp7rQ
Regional,Central America,https://nb9-stumbleupon.netdna-ssl.com/WshLKc5ze4fs9mbSmXvd3Q
Regional,China,https://nb9-stumbleupon.netdna-ssl.com/tj0SkFC24ccP-7QXEaf3Qg
Regional,Europe,https://nb9-stumbleupon.netdna-ssl.com/ytLlSEtTXEX6gGtb43Vfkg
Regional,France,https://nb9-stumbleupon.netdna-ssl.com/vLvSFCRHujS1JdDOZ8W6OA
Regional,Germany,https://nb9-stumbleupon.netdna-ssl.com/wiFgVTIQXNzStzi7Ph9rvQ
Regional,India,https://nb9-stumbleupon.netdna-ssl.com/GQunJrevD5PriUioX0EfpA
Regional,Ireland,https://nb9-stumbleupon.netdna-ssl.com/fLqrqSVdLU2HpR-7HmXwGA
Regional,Israel,https://nb9-stumbleupon.netdna-ssl.com/QbFf3-yaSSGpWlegCeV1Ig
Regional,Italy,https://nb9-stumbleupon.netdna-ssl.com/YRJ3PUKgSaWf5LgNgJun_Q
Regional,Japan,https://nb9-stumbleupon.netdna-ssl.com/8wHtbXMjSy3r-LqbHFUZ8w
Regional,Korea,https://nb9-stumbleupon.netdna-ssl.com/za2dSXmxXf0o5z1tuEKoYA
Regional,Mexico,https://nb9-stumbleupon.netdna-ssl.com/vqeqSQ5H8AoA3ICjEkGR4A
Regional,Middle East,https://nb9-stumbleupon.netdna-ssl.com/uNYRqQlV1dC4M6g9bj5E3g
Regional,Netherlands,https://nb9-stumbleupon.netdna-ssl.com/KV1FG6XG6rv7UL4s1tGBTA
Regional,New York,https://nb9-stumbleupon.netdna-ssl.com/tcaIpe6BtkzPYzGy3W7Q2Q
Regional,Oceania,https://nb9-stumbleupon.netdna-ssl.com/tVdrEAjq0DCdKerDj0Tkug
Regional,Russia,https://nb9-stumbleupon.netdna-ssl.com/-uhohd924xV_DFjYpiuuYg
Regional,South America,https://nb9-stumbleupon.netdna-ssl.com/6pZzaS7OjOVxr7KZLlwrlQ
Regional,Spain,https://nb9-stumbleupon.netdna-ssl.com/qERWEjfFMy00TCjnXRLpzg
Regional,UK,https://nb9-stumbleupon.netdna-ssl.com/7xOjT1hT2LtFUSfdJL_BiA
Regional,USA,https://nb9-stumbleupon.netdna-ssl.com/_v8LQFuFVSEMB1ieGOQE4g
Religion,Atheist/Agnostic,https://nb9-stumbleupon.netdna-ssl.com/f7RcXbqSoqReMcM25maFSw
Religion,Buddhism,https://nb9-stumbleupon.netdna-ssl.com/Rxsy9KYwn5JU3F3XW4resg
Religion,Catholic,https://nb9-stumbleupon.netdna-ssl.com/m-u1liFGnum9tIWkiBsasw
Religion,Christianity,https://nb9-stumbleupon.netdna-ssl.com/2cMp8NcFWm_UG6jINCorqw
Religion,Hinduism,https://nb9-stumbleupon.netdna-ssl.com/Nm7GDqHbne-lalVcFycBxQ
Religion,Islam,https://nb9-stumbleupon.netdna-ssl.com/ObWZnB6oirljA2VV6RhJ1g
Religion,Judaism,https://nb9-stumbleupon.netdna-ssl.com/0wRY0sRqBSVIAwHQ7iy3mQ
Religion,Mormon,https://nb9-stumbleupon.netdna-ssl.com/NvbVVz8AMwKLsf2oHjtzfQ
Religion,Orthodox,https://nb9-stumbleupon.netdna-ssl.com/iiwsA8m_4I4C2P7kqSiUgA
Religion,Paganism,https://nb9-stumbleupon.netdna-ssl.com/KZgbhRvJjRNN7HCcPb1APQ
Religion,Protestant,https://nb9-stumbleupon.netdna-ssl.com/VTEBVU5M4T3Fia2ecoOfaw
Religion,Religion,https://nb9-stumbleupon.netdna-ssl.com/reqO9B_l2yZeVrgRi1sUDA
Religion,Scientology,https://nb9-stumbleupon.netdna-ssl.com/trlKNzpgiNezlfo0K81w5A
Religion,Spirituality,https://nb9-stumbleupon.netdna-ssl.com/K0ONnNJq0iXyOGi32cOlCQ
Religion,Sufism,https://nb9-stumbleupon.netdna-ssl.com/Qh92Hdj1MEE5407WWDcqSQ
Religion,Sunni,https://nb9-stumbleupon.netdna-ssl.com/BT-HoIm_tBo1GRwpU1mAIw
Religion,Wicca,https://nb9-stumbleupon.netdna-ssl.com/3gRRzXx9zpgjyeSyjs7Ing
Sci/Tech,A.I.,https://nb9-stumbleupon.netdna-ssl.com/CljuZgyLxXXapuCKrHbNtQ
Sci/Tech,Alternative Energy,https://nb9-stumbleupon.netdna-ssl.com/DijcYjFm4kfAlP1hbT20Fw
Sci/Tech,Amateur Radio,https://nb9-stumbleupon.netdna-ssl.com/5hC8_lf202iSlq7h26rqSg
Sci/Tech,Anthropology,https://nb9-stumbleupon.netdna-ssl.com/q7Qg5Yo2hfK2EE1e8xYLzQ
Sci/Tech,Antiaging,https://nb9-stumbleupon.netdna-ssl.com/8IOgrlMSjS5StiOj9x-XKA
Sci/Tech,Archaeology,https://nb9-stumbleupon.netdna-ssl.com/Nl12gwZg6aubtMMs410qqQ
Sci/Tech,Astronomy,https://nb9-stumbleupon.netdna-ssl.com/zJEFB2bmpN8iByOX_l9txg
Sci/Tech,Aviation/Aerospace,https://nb9-stumbleupon.netdna-ssl.com/8tFmoLNCUusJu7xttN4f-A
Sci/Tech,Biology,https://nb9-stumbleupon.netdna-ssl.com/J6LWkV0xA4W1Rbm2CVnC5g
Sci/Tech,Biomechanics,https://nb9-stumbleupon.netdna-ssl.com/Z90EoaCoAEbsJT_JzO1JGw
Sci/Tech,Biotech,https://nb9-stumbleupon.netdna-ssl.com/0w76Sc_81MMsgoTJJdougQ
Sci/Tech,Botany,https://nb9-stumbleupon.netdna-ssl.com/XQrvDxA5psOybxYETFOOBA
Sci/Tech,Chaos/Complexity,https://nb9-stumbleupon.netdna-ssl.com/76dfmbVGxFvsdmJEJPfLEA
Sci/Tech,Chemical Eng.,https://nb9-stumbleupon.netdna-ssl.com/3kX8EYe14eeLABKQHK1YXA
Sci/Tech,Chemistry,https://nb9-stumbleupon.netdna-ssl.com/9crShj1DLAxihbAk44VRFA
Sci/Tech,Civil Engineering,https://nb9-stumbleupon.netdna-ssl.com/wofcn5hrbGHhxdzKkkJYeQ
Sci/Tech,Cognitive Science,https://nb9-stumbleupon.netdna-ssl.com/W-06nxHwKTffYdt8rSWO0w
Sci/Tech,Computer Science,https://nb9-stumbleupon.netdna-ssl.com/QetE80K1KXUJgl2RO2qaOQ
Sci/Tech,Ecology,https://nb9-stumbleupon.netdna-ssl.com/EaEgblI1GwayBgo5wEzGFQ
Sci/Tech,Economics,https://nb9-stumbleupon.netdna-ssl.com/gnfpTa7ko-45K43qdWaNrQ
Sci/Tech,Electrical Eng.,https://nb9-stumbleupon.netdna-ssl.com/edehAL0dB_0hrc5s5QYWCw
Sci/Tech,Electronic Parts,https://nb9-stumbleupon.netdna-ssl.com/7ruusiYEQlmyI5QEsuopiQ
Sci/Tech,Environment,https://nb9-stumbleupon.netdna-ssl.com/QoaHcJcKyvEP_2eoTxqYzw
Sci/Tech,Evolution,https://nb9-stumbleupon.netdna-ssl.com/bD7VpsWVstyyOp0iOp7KMw
Sci/Tech,Futurism,https://nb9-stumbleupon.netdna-ssl.com/USYjXkV_574RmFSUNupRSg
Sci/Tech,Gadgets,https://nb9-stumbleupon.netdna-ssl.com/dAlDqrim2JSjjtApCRJSDg
Sci/Tech,Genetics,https://nb9-stumbleupon.netdna-ssl.com/8AEH-QxYb2c_YQvpeeKERA
Sci/Tech,Geography,https://nb9-stumbleupon.netdna-ssl.com/Pk1E31i8WKvuOApgLH-DCA
Sci/Tech,Geoscience,https://nb9-stumbleupon.netdna-ssl.com/VBDcwxaWad8IHn3Gw2N6HA
Sci/Tech,Kinesiology,https://nb9-stumbleupon.netdna-ssl.com/0HfAXqbFwEk84pNYHh1xxA
Sci/Tech,Linguistics,https://nb9-stumbleupon.netdna-ssl.com/NQi5AXKYTSkwN5aFvGEeCA
Sci/Tech,Machinery,https://nb9-stumbleupon.netdna-ssl.com/zh4Hb1ybuu761KPHnivc-g
Sci/Tech,Marine Biology,https://nb9-stumbleupon.netdna-ssl.com/-lAqMJQl0MVFDcWtUx-hrw
Sci/Tech,Mathematics,https://nb9-stumbleupon.netdna-ssl.com/Xm5I75lnSOg-NeDrr0TXHw
Sci/Tech,Mechanical Eng.,https://nb9-stumbleupon.netdna-ssl.com/72BOf7yjIPoa1wRuLNWvRg
Sci/Tech,Meteorology,https://nb9-stumbleupon.netdna-ssl.com/1iVi7ztgdlNusNeBSmw5xA
Sci/Tech,Microbiology,https://nb9-stumbleupon.netdna-ssl.com/ckoj11DWgt08xkeZ9EkCgg
Sci/Tech,Mining/Metallurgy,https://nb9-stumbleupon.netdna-ssl.com/LiDoOCOSFblKIEMuttNzOA
Sci/Tech,Nanotech,https://nb9-stumbleupon.netdna-ssl.com/QQ8FRZ2P6-hW2Y_1AGYDjQ
Sci/Tech,Neuroscience,https://nb9-stumbleupon.netdna-ssl.com/2FJ8KxnMfXtmyLCkuqXQnQ
Sci/Tech,Nuclear Science,https://nb9-stumbleupon.netdna-ssl.com/hg3LNyG5Gjju7zqdrcSZlw
Sci/Tech,Paleontology,https://nb9-stumbleupon.netdna-ssl.com/OpVyzqI7ybZY87J7bVtziA
Sci/Tech,Pharmacology,https://nb9-stumbleupon.netdna-ssl.com/7huY_3g69jjH4v8cD-WChA
Sci/Tech,Physics,https://nb9-stumbleupon.netdna-ssl.com/yBdXObtgpE9slb1HI1jkpg
Sci/Tech,Physiology,https://nb9-stumbleupon.netdna-ssl.com/ODycZlWdRR2bijBSvkbK0A
Sci/Tech,Political Science,https://nb9-stumbleupon.netdna-ssl.com/l-G8RkjWBcxMJAtd_Ymwxg
Sci/Tech,Psychology,https://nb9-stumbleupon.netdna-ssl.com/1ImA7lOzomugLcdZdxPvkQ
Sci/Tech,Research,https://nb9-stumbleupon.netdna-ssl.com/6AM42858E4t76hbOnWGt_Q
Sci/Tech,Robotics,https://nb9-stumbleupon.netdna-ssl.com/TFXPLB30W4h96zYPcqInZA
Sci/Tech,Science,https://nb9-stumbleupon.netdna-ssl.com/AYPtqKFwyB-5P5rMNT4D-A
Sci/Tech,Semiconductors,https://nb9-stumbleupon.netdna-ssl.com/CDmC2Fx8ahgEE2ifg48MEA
Sci/Tech,Sociology,https://nb9-stumbleupon.netdna-ssl.com/lKZ7alfuFpX6QlLgo5xRQQ
Sci/Tech,Space Exploration,https://nb9-stumbleupon.netdna-ssl.com/CP0UKY3LBaunDUrh5hiWSA
Sci/Tech,Statistics,https://nb9-stumbleupon.netdna-ssl.com/YKLJMkIC3YsYj5p1t5CVLw
Sci/Tech,Technology,https://nb9-stumbleupon.netdna-ssl.com/ohizOWwFG16-bThr95vyCg
Sci/Tech,Trains/Railroads,https://nb9-stumbleupon.netdna-ssl.com/ohqSGTXbWKQVrpa-6mo9lg
Sci/Tech,Transportation,https://nb9-stumbleupon.netdna-ssl.com/WlHOxpTrEY6QZGMSpoN_AQ
Sci/Tech,Virtual Reality,https://nb9-stumbleupon.netdna-ssl.com/QEOTzst_cMJGnxMYNmcsJQ
Sci/Tech,Zoology,https://nb9-stumbleupon.netdna-ssl.com/LWIke9XFXtIgRiNPrxhzPw
Society,Activism,https://nb9-stumbleupon.netdna-ssl.com/u2nzwjvf8V8lt48XNGPn3A
Society,African Americans,https://nb9-stumbleupon.netdna-ssl.com/p3Lg2ChqIWjO-d-y3d_PkQ
Society,Anarchism,https://nb9-stumbleupon.netdna-ssl.com/8ODONmHr6WtOKLX3xz51hw
Society,Astrology/Psychics,https://nb9-stumbleupon.netdna-ssl.com/EyQqf-4L7AXqpzJmHg4h6g
Society,Babes,https://nb9-stumbleupon.netdna-ssl.com/9QMOcZS3eaXgvPcgO4J7WA
Society,Biographies,https://nb9-stumbleupon.netdna-ssl.com/m5Mt7a1_ZESyg4KyjVb17A
Society,Bisexual Culture,https://nb9-stumbleupon.netdna-ssl.com/DgFUtntqGidtm_C22x4Eug
Society,Bizarre/Oddities,https://nb9-stumbleupon.netdna-ssl.com/jXvj8P_77sMhZfbipn86Ng
Society,Career planning,https://nb9-stumbleupon.netdna-ssl.com/VLp9RzPxUjiiCCx97336aA
Society,Celebrities,https://nb9-stumbleupon.netdna-ssl.com/wMh6wiIwshu9I_Q2dIii8w
Society,Christmas,https://nb9-stumbleupon.netdna-ssl.com/rL7wfGdP4GNgkp1hoJjE0A
Society,Communism,https://nb9-stumbleupon.netdna-ssl.com/Tk3bzJv49yuGvK6k4h97HA
Society,Conservative Politics,https://nb9-stumbleupon.netdna-ssl.com/N9beY8Kz5G3_VptFphRPqQ
Society,Conspiracies,https://nb9-stumbleupon.netdna-ssl.com/6wSQA1SmFRMlgqHB3i3lAA
Society,Continuing Education,https://nb9-stumbleupon.netdna-ssl.com/VKPt8p04w2q0PpMRROC3Yw
Society,Counterculture,https://nb9-stumbleupon.netdna-ssl.com/T6rnEVLKGh9R8GHh5KhCIA
Society,Crime,https://nb9-stumbleupon.netdna-ssl.com/0RAE_KymMAV5k-4-d0Me6A
Society,Culture/Ethnicity,https://nb9-stumbleupon.netdna-ssl.com/6x8AjiqhG29DLcbifNidfQ
Society,Dating Tips,https://nb9-stumbleupon.netdna-ssl.com/TBG9bACaAFBbfkRbBAG5_g
Society,Drugs,https://nb9-stumbleupon.netdna-ssl.com/hA0lXSTeUomgPzGH571I6g
Society,Education,https://nb9-stumbleupon.netdna-ssl.com/2i1xufkbDonYjXYK_E6HJw
Society,Feminism,https://nb9-stumbleupon.netdna-ssl.com/anR-yHZFPJUaO1xWQgpwPw
Society,Gay Culture,https://nb9-stumbleupon.netdna-ssl.com/DgFUtntqGidtm_C22x4Eug
Society,Goth Culture,https://nb9-stumbleupon.netdna-ssl.com/VohWAsCi7wq3oXKJdZ57gw
Society,Government,https://nb9-stumbleupon.netdna-ssl.com/JQl3ToN4hXE3mJ-zxm0LLQ
Society,Hedonism,https://nb9-stumbleupon.netdna-ssl.com/8IeSWSFr82I1sxfD_nHrOw
Society,Hotels,https://nb9-stumbleupon.netdna-ssl.com/ReWD4LsJom06vMjdlV0_Xw
Society,Humanitarianism,https://nb9-stumbleupon.netdna-ssl.com/EpHdDIG08J7Z-aUOTzhlXQ
Society,Int'l Development,https://nb9-stumbleupon.netdna-ssl.com/tOKb_aqOXGJXVjlrWgp0Pw
Society,Iraq,https://nb9-stumbleupon.netdna-ssl.com/K1jRTsEPoXg4DC7V-iIbMA
Society,Law,https://nb9-stumbleupon.netdna-ssl.com/6LaD680nYF-DSLKsbinq9Q
Society,Lefthanded,https://nb9-stumbleupon.netdna-ssl.com/joLEor68w3YwAptUL98YSQ
Society,Lesbian Culture,https://nb9-stumbleupon.netdna-ssl.com/DgFUtntqGidtm_C22x4Eug
Society,Liberal Politics,https://nb9-stumbleupon.netdna-ssl.com/sBYXRh8COw7r5QmP-Yu3XQ
Society,Liberties/Rights,https://nb9-stumbleupon.netdna-ssl.com/4d4OJq-xo83_qF9TBTM08A
Society,Matchmaking,https://nb9-stumbleupon.netdna-ssl.com/H8uo2t0M6hye5wLJIAQmMA
Society,Men's Issues,https://nb9-stumbleupon.netdna-ssl.com/X73I2ShALhVWbIFayScHFg
Society,Military,https://nb9-stumbleupon.netdna-ssl.com/4LLC8CdEKFRVmBEYcWQpog
Society,Native Americans,https://nb9-stumbleupon.netdna-ssl.com/3UVLrA3QkjutUeSvdB5mdQ
Society,New Age,https://nb9-stumbleupon.netdna-ssl.com/6WciIvTVhlLHzZI6uCoLgw
Society,News(General),https://nb9-stumbleupon.netdna-ssl.com/_689aOx61EA2DEdq3zYn-A
Society,Nightlife,https://nb9-stumbleupon.netdna-ssl.com/qaXdOHNBm8RjU3EK1axXKA
Society,Nonprofit/Charity,https://nb9-stumbleupon.netdna-ssl.com/sEey7uxOAMHbCt7wH99JWw
Society,Paranormal,https://nb9-stumbleupon.netdna-ssl.com/aGm0lTXertk8eNr-eK6hyg
Society,Personal Sites,https://nb9-stumbleupon.netdna-ssl.com/Exemlbo5kdH9d_IoYejFjQ
Society,Politics,https://nb9-stumbleupon.netdna-ssl.com/0hXcffX8gC6Adot-zpIKlw
Society,Rave Culture,https://nb9-stumbleupon.netdna-ssl.com/1Clg7fKvUJsbXZuHKxdhBQ
Society,Senior Citizens,https://nb9-stumbleupon.netdna-ssl.com/g8B8o5jJkGewxpRi-gSoZA
Society,Shopping,https://nb9-stumbleupon.netdna-ssl.com/TmBDpX0WBtCq7i0rb2ZRUA
Society,Socialism,https://nb9-stumbleupon.netdna-ssl.com/25NRmQAJmUQA2kMMnnF8WQ
Society,Stumblers,https://nb9-stumbleupon.netdna-ssl.com/3zoIrAZYAMk_wyeOlZYYQA
Society,Subculture,https://nb9-stumbleupon.netdna-ssl.com/zO6mKFeqRhac0_v_DSwOQw
Society,Survivalist,https://nb9-stumbleupon.netdna-ssl.com/y71ut3aHZsPk6hYlEdt8cQ
Society,Tattoos/Piercing,https://nb9-stumbleupon.netdna-ssl.com/cQyKWcVl1PlnYkJuLkelzg
Society,Terrorism,https://nb9-stumbleupon.netdna-ssl.com/QB91yczBjGlwUb5rxH9Cxg
Society,Travel,https://nb9-stumbleupon.netdna-ssl.com/FBkdp-76wN1DFRZ_Vs_03A
Society,UFOs,https://nb9-stumbleupon.netdna-ssl.com/VkUsriXl9PQ_11kOMNKyYA
Society,University/College,https://nb9-stumbleupon.netdna-ssl.com/3ol3RuhqyLwvtQk0uBgRxw
Society,Women's Issues,https://nb9-stumbleupon.netdna-ssl.com/Vo4PJ162ft021AZ6eWXX3A
Sports,American Football,https://nb9-stumbleupon.netdna-ssl.com/KbbKZN1e1ASLhFII0uyU6g
Sports,Badminton,https://nb9-stumbleupon.netdna-ssl.com/MA7tNTu8NBjEfF6CRtt27g
Sports,Baseball,https://nb9-stumbleupon.netdna-ssl.com/aKm3J_Wba2AX68zrLvhHsg
Sports,Basketball,https://nb9-stumbleupon.netdna-ssl.com/pCpqqNQxrVq433gGS17IVg
Sports,Bicycling,https://nb9-stumbleupon.netdna-ssl.com/iwTgBs7R0NXrHwwH_h_KgQ
Sports,Bowling,https://nb9-stumbleupon.netdna-ssl.com/IEx2vj6o74TlYT9FuFDPGg
Sports,Boxing,https://nb9-stumbleupon.netdna-ssl.com/GQuiifm4bQskzHb9ltrJMg
Sports,Cheerleading,https://nb9-stumbleupon.netdna-ssl.com/SlwrgwzrjoMqeaNTHN4T6Q
Sports,Cricket,https://nb9-stumbleupon.netdna-ssl.com/xbDPHxCen8veBxw4kr8m8w
Sports,Equestrian/Horses,https://nb9-stumbleupon.netdna-ssl.com/RFFmdK-gUl54gAv9oSQcbQ
Sports,Extreme Sports,https://nb9-stumbleupon.netdna-ssl.com/uo-PHSilViGh-JHOnHkZNQ
Sports,Figure Skating,https://nb9-stumbleupon.netdna-ssl.com/9rjwnFzjGHEhV6xvj8dq6w
Sports,Golf,https://nb9-stumbleupon.netdna-ssl.com/EWDuBzVnvPxdJiAc9IWl1A
Sports,Gymnastics,https://nb9-stumbleupon.netdna-ssl.com/9q6yiSzQw2vgeUhuofiEFg
Sports,Hockey,https://nb9-stumbleupon.netdna-ssl.com/LToxaE5PY4Cu2qYnpDodGg
Sports,Hunting,https://nb9-stumbleupon.netdna-ssl.com/swoi68PMAgzknxWrT8Z7tg
Sports,Martial Arts,https://nb9-stumbleupon.netdna-ssl.com/6ttBI0KdrgTZK8SZZNfDIA
Sports,Motor Sports,https://nb9-stumbleupon.netdna-ssl.com/30mvUetuBEut-Ku3p8v1Ww
Sports,Racquetball,https://nb9-stumbleupon.netdna-ssl.com/Le0mycKRIv1gIWCIUPhtyw
Sports,Rodeo,https://nb9-stumbleupon.netdna-ssl.com/rhekLRqrm11e18PlT7b8qg
Sports,Rugby,https://nb9-stumbleupon.netdna-ssl.com/KnauwUp-4dHVTxVVYRiNMg
Sports,Sailing,https://nb9-stumbleupon.netdna-ssl.com/Z3BP5juE2SynUvzB08QuiQ
Sports,Skateboarding,https://nb9-stumbleupon.netdna-ssl.com/N95pTJ59001zZUrEZ2alMA
Sports,Skiing,https://nb9-stumbleupon.netdna-ssl.com/k9i4oOOFAO24R-W0wRh48w
Sports,Snowboarding,https://nb9-stumbleupon.netdna-ssl.com/PHnEC_ycnroPBdJBD-6OGw
Sports,Soccer,https://nb9-stumbleupon.netdna-ssl.com/Vjr09LpP_gzUAs0Y9O4WxA
Sports,Sports(General),https://nb9-stumbleupon.netdna-ssl.com/YbICrmDIuyJtDsExs_P5VA
Sports,Squash,https://nb9-stumbleupon.netdna-ssl.com/NYyDD4gMr6-ibHOLqikTbQ
Sports,Surfing,https://nb9-stumbleupon.netdna-ssl.com/37fhQBe3oDCVXNFHBD7_Tw
Sports,Swimming,https://nb9-stumbleupon.netdna-ssl.com/rXg7LE7UP71pQLRmEBnyrQ
Sports,Tennis,https://nb9-stumbleupon.netdna-ssl.com/A_URwm_1ZKJwJCW5tKg9fg
Sports,Track/Field,https://nb9-stumbleupon.netdna-ssl.com/QgXs642gvVbe-mWpH1AZiA
Sports,Volleyball,https://nb9-stumbleupon.netdna-ssl.com/jhtCAlGOYuzP6l60zp7tPg
Sports,Water Sports,https://nb9-stumbleupon.netdna-ssl.com/Gh99Q2wbT_XzGxZWnOpLCA
Sports,Windsurfing,https://nb9-stumbleupon.netdna-ssl.com/Acv3ebRg617wpmxPE73snA
Sports,Wrestling,https://nb9-stumbleupon.netdna-ssl.com/V52Vk1nz1S8--UzdBkiljw
,,
